"","SVN","rid","sum_1095_days","FSS_26Aug14","PDISRSA_1YR","POWNRCA_PRI","PALITHERODRCA","PASILTRCA","DAPOPRCA2010"
"1","00001CSR",7659,7711.80922553266,29,64.2857142857143,85.097192224622,99.3841985347447,58.6267701430066,0.0104205578320284
"2","00002CSR",3108,12577.4238306387,4,3.48837209302326,100,58.1954546788372,49.1914297851251,6.29642080722067e-08
"3","00003WSE",22753,6212.41691973046,8,0,5.11811023622047,100,35.2628400861225,0
"4","00010WSE",26765,5048.01026580513,6,0,0,100,36.0837764904878,6.87699023022011e-05
"5","00012CSR",28397,6880.93880647603,5,0,30,96.8755868361245,36.1351100422271,0
"6","00013CSR",23042,9025.49937266286,4,0,0,89.6705077046158,34.4128770461652,0
"7","00015CSR",506,10628.3173156876,3,0,0,0,49.1261767920736,0.00186541513359462
"8","00016CSR",6671,11346.2035515547,5,0,40.5405405405405,15.4056767425751,43.0483680152107,0.00100642001255136
"9","00019CSR",5255,5686.27055458859,15,9.375,100,93.9496510816983,57.5175690042131,0.0126724960723943
"10","00020CSR",8170,10187.1184987889,2,0,0,54.4295965913727,42.8392552048698,1.56813562698713e-11
"11","00026CSR",14373,7262.42750340025,7,4.90405117270789,13.1964117091596,95.7759727897812,38.2012038774234,0.0110739825396677
"12","00027CSR",11973,7678.13315271527,5,4.54545454545455,0,90.5370443642053,34.7708695813127,4.22202898127298e-07
"13","00028CSR",13628,7593.05118148184,9,5.8252427184466,47.6426799007444,29.2722296121127,45.7649742543026,0.000405453446282624
"14","00029CSR",26447,4923.20999251492,7,3.90625,100,100,49.7829616923957,0.00193603124393631
"15","00031CSR",26220,5632.4199948255,11,0,28.7244401168452,100,37.5090555014606,0
"16","00035CSR",14454,6631.6486948374,10,10.1190476190476,21.2395543175487,99.2432172557054,37.257265748264,0.0121151340799809
"17","00036CSR",14117,6788.93998725899,9,4.43213296398892,3.96889246446769,100,37.1558594797533,0.00283486799252101
"18","00037CSR",15994,4408.53563648647,24,0,84.5726198749131,99.7130512745826,40.4749743637292,0.0154898820534195
"19","00041CSR",5590,10453.6499828976,6,0,0,0,48.0036697247706,0.0183929076555895
"20","00042CSR",7380,11421.2599755563,4,0,0,0,43.2419405320814,0
"21","00043CSR",8462,7910.33598761186,1,6.89655172413793,0,67.8418648762483,42.7272866828707,0.00182125026166016
"22","00045CSR",9318,10868.5861735782,5,5.15463917525773,100,0,48.8411267201835,0
"23","00046CSR",8446,6999.08000388741,15,0,0,63.4965034965035,40.8104895104895,0.00769157976872468
"24","00047CSR",10016,6782.51554175756,17,0,67.2444710101614,100,38.7902536715621,0.00861861125403242
"25","00052CSR",13401,6945.16091550277,9,0,0,100,37.1844200586959,0
"26","00053CSR",13325,5718.48170052715,6,0,18.4782608695652,76.9505562874519,40.3020365677898,0.000284694029409636
"27","00062CSR",25299,5455.96079879291,12,0,52.7301092043682,100,37.8938957055215,0.00235048313238982
"28","00063CSR",27784,7704.23335198727,8,0,63.9153439153439,96.7805290962191,41.835154969038,0.000244412350865257
"29","00065CSR",8792,10112.7466022928,6,0,68.6746987951807,58.940782727296,44.6956110715979,1.19465760598096e-05
"30","00067CSR",21871,4449.08712164671,10,0,71.765601217656,100,42.7888992132813,5.8927265219167e-05
"31","00089CSR",506,10582.3556106227,5,0,0,0,49.1261767920736,0.00186541513359462
"32","00090CSR",6671,11309.1249791237,4,0,40.5405405405405,15.4056767425751,43.0483680152107,0.00100642001255136
"33","00091CSR",7380,11414.3899755459,3,0,0,0,43.2419405320814,0
"34","00094CSR",21871,4434.06090990584,10,0,71.765601217656,100,42.7888992132813,5.8927265219167e-05
"35","00103CSR",24464,5395.77001201361,10,20.8791208791209,100,100,56.404156626506,0.00847379786667662
"36","01002CSR",8462,6312.50199595448,6,6.89655172413793,0,67.8418648762483,42.7272866828707,0.00182125026166016
"37","01003CSR",5819,7014.56332858807,11,3.96825396825397,0,33.5344632879108,52.5612696013603,0
"38","01004CSR",8446,5620.41001025401,18,0,0,63.4965034965035,40.8104895104895,0.00769157976872468
"39","01005CSR",6936,5792.48285820761,8,1.78571428571429,72.1518987341772,100,49.6734278122232,0
"40","01023CSR",6416,3671.96947825416,20,9.15805022156573,69.7046608214121,99.6593807199169,41.184870482794,0.0183458207619534
"41","01024CSR",13628,6300.30423544875,12,5.8252427184466,47.6426799007444,29.2722296121127,45.7649742543026,0.000405453446282624
"42","01027CSR",26391,4161.31624793657,12,3.48837209302326,82.9268292682927,100,46.217684134702,0.00192693092050552
"43","01030CSR",27784,6499.05646894428,9,0,63.9153439153439,96.7805290962191,41.835154969038,0.000244412350865257
"44","01033WSE",3989,10554.0400137361,13,20.2090592334495,100,93.1994818652849,58.6472150259067,0.00114879657636678
"45","01036CSR",26447,4006.35999787413,15,3.90625,100,100,49.7829616923957,0.00193603124393631
"46","01037CSR",26087,4293.85713898949,13,7.27272727272727,72.6141078838174,95.6943451832127,36.2656618357488,0.0187256898792971
"47","01041CSR",19976,5559.80999669433,14,0,99.649474211317,100,36.4051577366049,0.0212598127196317
"48","01041WSE",5267,11169.5600139219,18,0.40650406504065,0,0,47.4463373083475,0
"49","01050CSR",19609,3758.16615108186,20,73.5294117647059,81.0989010989011,100,41.6279377265942,0.027115447248783
"50","01051CSR",19202,3717.33333267669,14,0,31.6004077471967,100,36.4017310849127,0.00148028479740235
"51","01070CSR",29777,9785.98674818622,6,57.5342465753425,0,0,31.2372342246722,3.46703990936477e-06
"52","01122CSR",9175,8691.2844359111,5,0,62.6415094339623,0.309715744917533,43.1811360915259,0
"53","01123CSR",6936,5855.79999922801,7,1.78571428571429,72.1518987341772,100,49.6734278122232,0
"54","01125CSR",7659,6440.02076263912,37,64.2857142857143,85.097192224622,99.3841985347447,58.6267701430066,0.0104205578320284
"55","02001CSR",9889,7549.21619668031,21,2.27272727272727,100,88.3446141854262,47.2086664196093,0
"56","02002CSR",11355,4988.84713335335,6,0,10.9500805152979,100,43.5219573400251,0.00683684279523055
"57","02003EMAP",8520,5274.70385609367,6,0,0,100,49.1739412438001,0
"58","02005CSR",13337,4654.35412686527,10,3.56294536817102,49.4903737259343,100,38.1088050593916,0.00712375694802057
"59","02006CSR",11495,4904.39340747409,11,0,0,99.9556777308078,37.3224014350597,0.0053349992522721
"60","02056CSR",20620,5049.33496007846,8,0,0,100,34.3103224728488,0
"61","02060CSR",11574,5450.50001529232,6,0,18.7246963562753,100,36.9025303643725,0
"62","02061CSR",6671,8215.19714021097,4,0,40.5405405405405,15.4056767425751,43.0483680152107,0.00100642001255136
"63","02063CSR",22180,2682.71481412063,13,13.6531365313653,44.4971537001897,100,41.9066024096386,0.0173202383560238
"64","02063CSRr",22180,2682.71481412063,6,13.6531365313653,44.4971537001897,100,41.9066024096386,0.0173202383560238
"65","02066CSR",1427,9526.75098930769,4,14.2857142857143,96.6292134831461,71.0513203786746,49.5121146969132,0.0196614484838247
"66","02071CSR",7659,5772.41999451021,27,64.2857142857143,85.097192224622,99.3841985347447,58.6267701430066,0.0104205578320284
"67","02073CSR",8446,5128.3300146535,22,0,0,63.4965034965035,40.8104895104895,0.00769157976872468
"68","02074CSR",27569,6150.19405580591,10,24.6666666666667,85.4875283446712,97.3254633539944,41.8962520383767,0.000751268412511507
"69","02075CSR",27784,6032.07234008047,14,0.961538461538462,63.9153439153439,96.7805290962191,41.835154969038,0.000244412350865257
"70","02076CSR",21871,3228.11999888515,12,0,71.765601217656,100,42.7888992132813,5.8927265219167e-05
"71","02077CSR",5302,8574.84205097699,3,0,0,10.1580060395525,42.8647660395562,0
"72","02081EMAP",16561,3277.85434040742,29,0,32.0675105485232,99.6264675600204,41.6859622246649,0.0201487790382391
"73","02084EMAP",16437,5110.49919568714,9,3.50877192982456,44.7619047619048,95.7263164889634,35.131941216128,0
"74","02085CSR",13628,5404.58677927705,8,5.8252427184466,47.6426799007444,29.2722296121127,45.7649742543026,0.000405453446282624
"75","02092CSR",934,6395.73845736171,6,50,88.8563049853372,46.6873107964639,55.4029396350469,0.0365411127009115
"76","02105CSR",8462,5707.95900338516,3,6.89655172413793,0,67.8418648762483,42.7272866828707,0.00182125026166016
"77","02107EMAP",30,6137.48001641221,3,29.0909090909091,0,47.0023134808536,48.2027765202957,0
"78","02109CSR",5617,4786.57578819833,9,1.53846153846154,100,44.6958660406224,48.4770088260803,0.038734693895062
"79","02111CSR",8893,6332.16856805235,4,7.60456273764259,11.7038649972782,0,53.1009865175929,0.0271875790356014
"80","02121CSRa",20620,5029.90154913339,13,0,0,100,34.3103224728488,0
"81","02122CSR",21710,4904.74044612172,8,0,100,100,36.8198907981371,0
"82","02123CSRa",11355,5006.21642001439,12,0,10.9500805152979,100,43.5219573400251,0.00683684279523055
"83","02126EMAP",24428,4066.43558532683,12,1.55038759689922,99.4108983799705,100,35.2653709441605,0.000149827601735192
"84","02130CSR",27478,3087.68074246365,7,0,100,100,34.3828304268013,0
"85","02138CSR",11495,4906.84607760471,20,0,0,99.9556777308078,37.3224014350597,0.0053349992522721
"86","02140CSR",16233,3365.36015745147,20,11.6279069767442,46.8023255813954,99.699450186966,40.6932619708281,0.0161147674695718
"87","03002CSR",166,5115.364980835,10,1.06382978723404,99.901185770751,51.1467924423284,51.1991871452183,0.00701311187585618
"88","03003CSR",6671,7610.28999692587,4,0,40.5405405405405,15.4056767425751,43.0483680152107,0.00100642001255136
"89","03005CSR",5085,4253.28999365307,15,1.97368421052632,28.8549618320611,100,37.7089145968016,0.00226678182144932
"90","03006CSR",8446,5320.68001608178,20,0,0,63.4965034965035,40.8104895104895,0.00769157976872468
"91","03007CSR",4240,8262.2581792997,2,10.7843137254902,90.4862579281184,85.3273721729918,52.8127798806698,0.0232292180087339
"92","03008CSR",11061,4166.69998717308,32,38.5542168674699,95.6689124157844,99.9991465781234,56.0265004616805,0.123040240870765
"93","03009CSR",7659,5752.30345812332,24,64.2857142857143,85.097192224622,99.3841985347447,58.6267701430066,0.0104205578320284
"94","03010CSR",3144,7661.58999219351,24,0,67.1578947368421,100,65.6364514712341,0.0118094890251586
"95","03012CSR",4378,5297.51995707439,9,65.7534246575342,100,46.3374818330743,50.8097859140137,0.0023418103831308
"96","03014CSR",2238,4253.7142922694,18,8.69565217391304,100,9.01671066022955,60.2980152512274,0.012770671914249
"97","03016CSR",27784,5821.75505791789,10,0,63.9153439153439,96.7805290962191,41.835154969038,0.000244412350865257
"98","03019CSR",26447,3457.42000552826,10,3.90625,100,100,49.7829616923957,0.00193603124393631
"99","03023CSR",21871,3147.57378712423,11,0,71.765601217656,100,42.7888992132813,5.8927265219167e-05
"100","03026EMAP",15556,3543.39785310211,40,4.58015267175572,79.8823529411765,99.5008475761077,39.0306092895982,0.011998924237623
"101","03027EMAP",28065,4314.98059195247,10,0.48780487804878,42.7927927927928,77.245348562754,35.0589026358257,0
"102","03036CSR",15753,3924.63056043753,26,0.826446280991736,34.5086271567892,95.6378221390602,35.6729808429119,0.00019764362149761
"103","03037CSR",14970,5200.85213363072,27,24.0740740740741,100,95.8608824451157,37.5519819080221,0.00692618131408282
"104","03038CSR",14117,4748.96000162698,8,4.43213296398892,3.96889246446769,100,37.1558594797533,0.00283486799252101
"105","03040CSR",13974,4489.55500293802,11,0.873362445414847,15.994623655914,100,36.7115671154097,0.0118459901610093
"106","03045CSR",13122,5401.23570055674,6,0.45662100456621,3.71161548731642,0,47.6861392776335,0.00898634012472812
"107","03060CSR",27724,3918.62706231151,3,0,100,100,34.5532782212087,0
"108","03063CSR",506,8017.68901387193,4,0,0,0,49.1261767920736,0.00186541513359462
"109","03064CSR",7380,7617.82001358084,8,0,0,0,43.2419405320814,0
"110","03069CSR",11061,4159.70998704433,35,38.5542168674699,95.6689124157844,99.9991465781234,56.0265004616805,0.123040240870765
"111","03077CSR",24026,6328.94000055827,9,7.9646017699115,98.3187390542907,0,38.9839229422067,0.0751439261361763
"112","03082CSR",7380,7611.75001340918,6,0,0,0,43.2419405320814,0
"113","03088CSR",5085,4228.78999374248,23,1.97368421052632,28.8549618320611,100,37.7089145968016,0.00226678182144932
"114","03089CSR",2768,6552.37871018174,9,9.09090909090909,100,96.1515433741352,61.8483033070089,0
"115","03092CSR",3108,9742.92429034203,6,3.48837209302326,100,58.1954546788372,49.1914297851251,6.29642080722067e-08
"116","03093CSR",2045,5540.44498853921,8,5.53191489361702,0,93.0984999637755,42.7520037986705,0
"117","03094CSR",6671,7592.07713978684,6,0,40.5405405405405,15.4056767425751,43.0483680152107,0.00100642001255136
"118","03097CSR",2478,7610.1400267072,14,0.409836065573771,60.597637248089,85.7539958304378,49.4495830437804,0
"119","03098CSR",8462,5800.22401191685,3,6.89655172413793,0,67.8418648762483,42.7272866828707,0.00182125026166016
"120","03100CSR",873,5531.40667952908,8,10.2272727272727,21.25,0.721288875846198,55.1387885628292,0
"121","03109CSR",9294,7339.23521472116,2,0,0,22.600817733264,42.6092125984252,0
"122","03110CSR",13628,5190.46830328582,8,5.8252427184466,47.6426799007444,29.2722296121127,45.7649742543026,0.000405453446282624
"123","03117CSR",2067,6452.17332594128,8,10.2150537634409,100,61.3398041741107,46.4956678700361,0.000814699559748922
"124","03119CSR",2413,8786.39500369486,9,28.3687943262411,100,7.55907573902518,47.9458797327394,0
"125","03121CSR",839,4892.30499861415,9,0,97.4522292993631,4.68950148524649,52.6270508613618,0.000495170863827516
"126","03133CSR",3073,4821.3449924551,13,30.5,100,37.7567006791801,54.9000498504487,0.0010961105647173
"127","03135CSR",2045,5531.74373782892,5,5.53191489361702,0,93.0984999637755,42.7520037986705,0
"128","03136CSR",19976,5589.39001467265,17,0,99.649474211317,100,36.4051577366049,0.0212598127196317
"129","04001CSR",272,4295.4000038188,32,9.10931174089069,100,0,61.5863489499192,0.159912883629373
"130","04001CSRd",272,4295.4000038188,13,9.10931174089069,100,0,61.5863489499192,0.159912883629373
"131","04002CSR",739,5723.91857066787,15,1.35135135135135,32.1428571428571,42.6102485983854,52.5718496102209,0.00418914889272448
"132","04012CSR",6671,8410.29069282234,4,0,40.5405405405405,15.4056767425751,43.0483680152107,0.00100642001255136
"133","04013CSR",7659,6535.3780722502,29,64.2857142857143,85.097192224622,99.3841985347447,58.6267701430066,0.0104205578320284
"134","04014CSR",8462,6908.77800186481,3,6.89655172413793,0,67.8418648762483,42.7272866828707,0.00182125026166016
"135","04015CSR",8446,6317.7500213217,22,0,0,63.4965034965035,40.8104895104895,0.00769157976872468
"136","04016CSR",2568,10318.9832946425,6,0,100,76.4474245738112,49.2834261495244,6.3106942524782e-05
"137","04019CSR",2045,6070.14999060775,4,5.53191489361702,0,93.0984999637755,42.7520037986705,0
"138","04021CSR",27784,6776.2639786201,13,0,63.9153439153439,96.7805290962191,41.835154969038,0.000244412350865257
"139","04026CSR",21871,3726.91969766651,9,0,71.765601217656,100,42.7888992132813,5.8927265219167e-05
"140","04043CSR",826,7196.77693041426,13,18.6943620178042,88.3081687959737,73.0266159270842,53.4486394357611,0.024328146280091
"141","04045CSR",2456,10127.5241745728,6,0.3003003003003,87.6450767502808,87.0402265677019,49.7470341371751,4.30950944034103e-07
"142","04047CSR",4291,4298.87370574412,22,26.0869565217391,100,80.0842220855002,61.0521600646001,0.10400797919794
"143","04053CSR",3975,4515.82357844897,17,0,100,26.5383190827614,61.2171029766243,0.0362603487782533
"144","04055CSR",2676,9909.80000301264,9,0,100,38.309585492228,44.5459520725389,0
"145","04062CSR",27784,6777.4403718366,10,0,63.9153439153439,96.7805290962191,41.835154969038,0.000244412350865257
"146","04064CSR",2456,10434.7327779767,6,0.3003003003003,87.6450767502808,87.0402265677019,49.7470341371751,4.30950944034103e-07
"147","04065CSR",2413,9872.34399076402,6,28.3687943262411,100,7.55907573902518,47.9458797327394,0
"148","04069CSR",11355,5431.20500126681,21,0,10.9500805152979,100,43.5219573400251,0.00683684279523055
"149","04070CSR",26447,3994.54000199772,33,3.90625,100,100,49.7829616923957,0.00193603124393631
"150","05001CSR",6671,7339.82283936148,6,0,40.5405405405405,15.4056767425751,43.0483680152107,0.00100642001255136
"151","05002CSR",8462,6309.45799927544,2,6.89655172413793,0,67.8418648762483,42.7272866828707,0.00182125026166016
"152","05002REF",24579,5337.47200051881,7,0,4.03587443946188,100,36.2967146974063,0
"153","05003CSR",27784,6464.72836700519,7,0,63.9153439153439,96.7805290962191,41.835154969038,0.000244412350865257
"154","05003REF",28286,7070.94998106919,5,1.36986301369863,52.9891304347826,100,43.4531055900621,0.00315001541651373
"155","05004REF",28319,9108.10599066392,2,0,0,100,40.1200478142077,0.00143360436486034
"156","05005REF",28103,8495.38996898942,3,0,15.9638554216867,100,40.0687304890739,0.00194869299525001
"157","05006CSR",21871,3452.55181632287,9,0,71.765601217656,100,42.7888992132813,5.8927265219167e-05
"158","05006REF",28353,8876.32272477617,2,2.30414746543779,0,100,40.2629022465088,0.00185247899922963
"159","05007CSR",26447,3876.40999644622,14,3.90625,100,100,49.7829616923957,0.00193603124393631
"160","05007MIX",8226,7692.37968044307,10,18.7074829931973,87.8807517822424,83.6224456271208,53.9140814294407,0.0268716212200885
"161","05009MIX",27489,5572.07468378328,10,59.2814371257485,57.8181818181818,93.3264384119745,35.1585463887653,0.0109942534312532
"162","05010CSR",21871,3452.50711935522,9,0,71.765601217656,100,42.7888992132813,5.8927265219167e-05
"163","05010MIX",27489,5572.07468378328,8,59.2814371257485,57.8181818181818,93.3256984597906,35.1585463887653,0.0107276894500073
"164","05014CSR",8446,5796.52001705579,18,0,0,63.4965034965035,40.8104895104895,0.00769157976872468
"165","05015CSR",7659,5976.38615349358,37,64.2857142857143,85.097192224622,99.3841985347447,58.6267701430066,0.0104205578320284
"166","05016CSR",13628,5782.19576514064,8,5.8252427184466,47.6426799007444,29.2722296121127,45.7649742543026,0.000405453446282624
"167","05017CSR",6671,7356.68141042135,6,0,40.5405405405405,15.4056767425751,43.0483680152107,0.00100642001255136
"168","06002DFW",14074,5677.61933747878,7,0,15.5982905982906,99.3987409790899,36.8110310583195,0.00375630841888365
"169","06003DFW",14178,5550.77351954443,20,34.5381526104418,33.9648798521257,100,36.7966645790824,0.000482297685827154
"170","06004DFW",13739,5486.92396159934,9,11.3821138211382,0,90.559030367624,37.731790274382,1.67525884329871e-05
"171","06005DFW",14117,5530.87999844551,8,4.43213296398892,3.96889246446769,100,37.1558594797533,0.00283486799252101
"172","06006DFW",14534,4853.18249698915,11,55.952380952381,61.8025751072961,84.9123726832509,36.9843600273785,0.0085203070772889
"173","06008DFW",16275,3922.23777747485,26,34.1269841269841,84.3859649122807,100,38.4753719263085,0.0508900333523107
"174","06009DFW",17151,3518.426666338,19,0,96.4114832535885,100,38.8949247071946,4.00641745013225e-06
"175","06010DFW",10199,3643.58000979386,19,0,98.0952380952381,100,36.6384910932588,0
"176","06011DFW",12162,3483.97000065632,23,0,51.6423357664234,100,41.8782846715328,0.00122903074052428
"177","06013DFW",16311,4310.61286964374,16,7.5,69.2998204667864,100,36.5795294521724,0
"178","06014DFW",16265,4983.17000223882,22,0,0.99009900990099,100,33.2142646335465,0
"179","06015DFW",13928,6217.75234926598,10,0,5.99455040871935,9.25053984936499,48.8738986488502,0.000525016865471227
"180","06016DFW",14373,6069.8249965196,10,4.90405117270789,13.1964117091596,95.7759727897812,38.2012038774234,0.0110739825396677
"181","06017DFW",13475,6177.00999528045,9,0.923076923076923,0.850520944078248,0,55.1974697001914,0.00653572167807332
"182","06018DFW",15040,5884.58999559622,14,26.8571428571429,100,98.9591676944721,36.7536335867017,0.00249148585220112
"183","06020DFW",14602,5702.93002901599,9,0.793650793650794,0,100,36.5815176558978,0.000483480894326088
"184","06021DFW",14788,5677.16201857999,10,6.36942675159236,29.162656400385,100,36.3171172005184,0.00263105454723465
"185","06022DFW",11399,5034.7451255794,14,0,44.5925925925926,100,37.8272720782466,0.0173576793971941
"186","06023DFW",5079,4227.3299952969,15,7.80141843971631,100,100,40.0214662756598,0.0221750510594479
"187","06024DFW",9463,8702.85674922551,9,0.675675675675676,100,65.4612890964449,44.6212465878071,0
"188","06025DFW",9354,9030.39715833935,4,0.778210116731518,31.3497197067702,66.080556810174,43.6682165039929,0
"189","06026DFW",9609,7775.97999942675,7,5.10948905109489,100,0,47.6176887628501,0
"190","06027DFW",9865,8762.82200255692,17,2.82485875706215,100,92.9307752699078,44.4194972944667,0
"191","06028DFW",9990,7358.6975071308,9,11,93.7984496124031,85.1585546301226,41.1503561187679,0
"192","06029DFW",9402,5010.26002283953,23,15.1020408163265,99.8568019093079,100,47.9072327964861,0.00646125646541785
"193","06030DFW",10512,4818.41999446414,20,25.9668508287293,94.4924406047516,100,36.7055407565264,0.0958857085454606
"194","06031DFW",10519,4402.62000107206,24,45.2554744525547,100,100,40.0757575757576,0.239061363496432
"195","06032DFW",5002,6948.40615775608,7,6.52173913043478,60.3345280764636,24.8264755244312,47.0632687447346,0.0536235196517599
"196","06033DFW",9715,6317.99129529165,7,0.45662100456621,3.71161548731642,0,47.6861392776335,0.00944647392473743
"197","06034DFW",11292,5554.97500339057,20,0,0,100,37.3864440868866,0.016204629674431
"198","06035DFW",13337,5194.42897197514,15,3.56294536817102,49.4903737259343,100,38.1088050593916,0.00712375694802057
"199","06036DFW",13308,4452.89698710639,10,1.88235294117647,58.6886209938253,71.752752887435,40.4363108982929,0.000548539492497498
"200","06037DFW",11954,3985.9071039409,18,0,65.1705565529623,98.5835153745085,36.8798528429318,0.0140802970222422
"201","06038DFWa",13628,6049.81914926115,7,5.8252427184466,47.6426799007444,29.2722296121127,45.7649742543026,0.000405453446282624
"202","06039DFW",9551,8724.27373538724,7,3.44827586206897,100,38.8952263145413,43.5368004064859,0
"203","06040DFW",9618,4819.58500048053,30,3.50877192982456,100,100,47.0312309257375,0.000208262170560331
"204","06041DFW",9120,7618.63297791369,9,6.96095076400679,55.2370452039691,23.7174295590615,45.8717048592503,0.00163868793897387
"205","06042DFW",12609,5801.38201131548,7,0,100,91.8222794591114,40.133044982699,0
"206","06043DFW",10182,5777.68666571875,7,0,0,100,37.2272624113475,0.000688446864736248
"207","06044DFW",21191,4884.54823189601,13,2.5974025974026,100,100,34.5438170941572,0
"208","06045DFW",12987,4890.5650023995,8,1.43884892086331,0,100,37.3427433124644,0.00164775661106858
"209","06046DFW",24064,5441.46001002006,11,0.543478260869565,21.9460227272727,100,34.8722585710547,0
"210","06047DFW",5874,5647.6579980813,10,10.1123595505618,32.4380165289256,100,36.774358974359,9.72301237943896e-05
"211","06048DFW",26840,4794.23663013919,27,10,74.9295774647887,100,35.8048468708389,0.0129027483515221
"212","06049DFW",25398,4308.23999553174,34,4.81927710843374,100,100,62.8813256851498,0.00603681234462098
"213","06050DFW",26039,5031.54599411748,12,20.8333333333333,100,100,53.9520107840935,0.00406358565732986
"214","06051DFW",23873,5626.26999719627,20,0,27.4891774891775,100,33.4971861471861,0
"215","06052DFW",24238,5345.55370901077,11,0.869565217391304,0,100,34.3235915055034,3.85242731296451e-05
"216","06053DFW",25346,4881.56706155678,10,21.1538461538462,78.3904619970194,100,37.5221190155823,0.00018029392613509
"217","06054DFW",26165,4586.14286109526,11,13.6363636363636,68.2483889865261,97.6405138434055,35.3291191191191,0.0187788067104622
"218","06055DFW",25418,4703.12999643199,10,0,86.046511627907,92.2171468728039,34.7176159618008,0.0174185908802893
"219","06056DFW",27806,6038.37319968949,12,7.04225352112676,32.1148825065274,85.4229605238628,36.93112823219,0.000460232072664679
"220","06057DFW",27784,7292.44490992597,12,0,63.9153439153439,96.7805290962191,41.835154969038,0.000244412350865257
"221","06059DFW",20436,4986.67857081576,22,38.6904761904762,100,61.1289269661759,42.0547710434705,0.00679534756743317
"222","06060DFW",19026,5007.22374809789,8,4.08163265306122,100,42.6419113691382,36.9873784751834,0.00362860725725951
"223","06061DFW",23400,5454.353321782,15,0.574712643678161,68.1092220504894,100,35.6813431527266,0.000839486443757603
"224","06062DFW",18035,5617.38399942368,6,1.92307692307692,0,100,34.5721064083667,0
"225","06064DFW",10330,4906.51333121955,12,40.625,0.341296928327645,83.0992073819467,37.9488383008683,0.00742203630742437
"226","06066DFW",632,5788.21249664621,12,0,89.2609699769053,21.9890058605584,44.0043081416575,0.0209637398903383
"227","06067DFW",20649,4322.73571198487,41,58.0357142857143,93.2497589199614,100,51.1443876548064,0.12913551063002
"228","06069DFW",25144,5175.91868663467,34,12.4579124579125,100,100,52.1719441043002,0.0436914082437986
"229","06070DFW",16001,5729.24128587556,25,32.7380952380952,88.2305844675741,100,37.5645131718614,1.4282177479414e-05
"230","06071DFW",16003,5776.70856510781,30,36.3095238095238,48.0749219562955,100,36.4436669272869,7.90829455175253e-06
"231","06072DFW",15880,4003.29228614046,22,0,31.25,98.618753141282,36.5684290441334,0.0108053669045473
"232","06073DFW",15774,5781.50000367127,14,3.47490347490348,13.527397260274,100,34.2264126712329,0.00312701075425582
"233","06074DFW",21538,4354.76236925818,9,23.0769230769231,100,100,35.3199474400055,0.000261739722282614
"234","06076DFW",28629,7262.87999452278,7,2.20588235294118,0,63.8733705772812,35.7019553072626,0
"235","06077DFW",27528,7780.30743084525,13,59.5330739299611,72.4180327868852,97.8563910360052,41.6688894470226,0.0011521796388983
"236","06080DFW",11005,5207.63627045142,39,25.6666666666667,12.4791086350975,88.5724083916621,38.5358233075956,0.0785175959740158
"237","06082DFW",21015,5124.1166702391,11,4.09356725146199,100,100,36.5185714285714,0.0152333374403257
"238","06083DFW",5773,8778.70811476337,4,7.29166666666667,0,45.6689199265675,42.8743027725525,0
"239","06084DFW",5342,5961.49714137161,9,40.0537634408602,22.6164079822616,86.6962305986696,57.3027593003203,0.0618863328791401
"240","06085DFW",8226,8197.02525497881,9,18.7074829931973,87.8807517822424,83.9000808868855,53.9140814294407,0.0252381781482311
"241","06086DFW",8662,7549.71499674302,9,29.7297297297297,100,93.1760695635691,52.3744888023369,0.00940549431957352
"242","06086DFWa",8662,7532.59499728587,10,29.7297297297297,100,93.1760695635691,52.3744888023369,0.00940549431957352
"243","06087DFW",8572,6388.1999999769,12,8.17610062893082,89.3921334922527,79.4938721666941,53.2125623130608,0.0475213927427007
"244","06088DFW",7398,7893.01666329304,2,0,0,0.480128318368302,48.495985862156,0.00601398366280476
"245","06090DFW",7956,9218.62666992905,5,0,59.327731092437,42.5607629693015,42.8850263355907,0.000673662654652954
"246","06092DFW",932,6339.6854501558,10,58,75.4758418740849,88.3579072986553,62.9112036539495,0.033889941623708
"247","06093DFW",1348,5905.66418843079,6,4.95867768595041,47.8436657681941,33.6063448219742,48.1614816884238,0
"248","06094DFW",4551,5220.49000694044,8,8.02603036876356,89.8169873298921,17.8538736620535,48.6948864298194,0
"249","06095DFW",5175,5501.59001020901,7,10.6617647058824,0,0,42.6374476987448,0
"250","06096DFW",5609,8293.40249875002,3,0,0,0,42.2814814814815,0
"251","06097DFW",3108,9732.15952961275,9,3.48837209302326,100,58.1954546788372,49.1914297851251,6.29642080722067e-08
"252","06098DFW",3154,10311.4462172097,5,0,86.0280658938377,2.77852202399506,48.3257874745229,0
"253","06099DFW",2516,5925.67999202758,7,0.87719298245614,68.5770750988142,35.3754940711462,50.6995256916996,0.00678462996972589
"254","06100DFW",3087,9304.77372963223,8,4.21940928270042,97.9116465863454,71.7849049292646,49.0988226225326,0.0201834337257308
"255","06101DFW",392,9371.50647783904,6,6.60377358490566,1.36286201022147,99.3218911178005,49.9750871755134,0.000443510938407461
"256","06102DFW",5242,7548.2787083938,5,31.304347826087,64.9122807017544,55.2836768559271,56.6630367396326,0.0749512902714721
"257","06103DFW",2451,6351.70000169612,11,0,100,37.2218881539387,49.0250150330728,0
"258","06104DFW",1127,7387.91000607237,7,0.290697674418605,9.46643717728055,16.6953528399312,51.5007314974182,0.00805202421262691
"259","06105DFW",3144,8037.78000675701,67,0,67.1578947368421,100,65.6364514712341,0.0118094890251586
"260","06106DFW",1436,8322.93258834968,6,14.8148148148148,7.50656167979003,88.5013439958125,60.0841140656622,0
"261","06107DFW",3027,9848.81250251527,7,20.7547169811321,22.6104830421377,91.3379852251269,60.5606008583691,0.000639353369497811
"262","06108DFW",2662,5468.46889811954,8,0,14.1489361702128,87.5551166659493,53.8496455127097,0.00155302166434144
"263","06109DFW",371,4670.97000063397,36,0,0,100,65.0962382445141,0.00018679854240846
"264","06110DFW",3769,4755.19000578113,32,0,0,100,65.0187307780583,0.000198553842137364
"265","06111DFW",96,5230.55350721637,9,5.0251256281407,100,63.1749449989625,54.8783243116027,0.0115522468015386
"266","06112DFW",4017,4135.25836322237,8,20.1923076923077,100,35.5268415233958,60.1798811809267,0.00518566909502302
"267","06113DFW",4670,4458.47999927402,16,12.6582278481013,100,38.7816646562123,67.2872135102533,0
"268","06114DFW",4361,4235.13207981743,9,3.47826086956522,65.0991917707568,6.2950666807965,63.3790391321193,0.00140424373080625
"269","06115DFW",2246,3834.44280149145,30,7.32758620689655,100,77.8848111529942,58.5825769149411,0.00230224256237503
"270","06116DFW",6829,7869.97917462419,6,0,8.02469135802469,3.87933431217245,42.9929726470103,0.000931267451804074
"271","06117DFW",6671,7601.28856710557,8,0,40.5405405405405,15.4056767425751,43.0483680152107,0.00100642001255136
"272","06118DFW",503,8715.2908513935,4,0.980392156862745,0,32.918248208695,43.0157377980971,0
"273","06119DFW",2277,4927.251899406,3,0,0,39.2129258152976,52.4558322367311,0.000414946728692772
"274","06120DFW",6490,7344.60909621265,3,0,0,0,42.5534037267081,0
"275","06121DFW",7380,7736.62999257073,4,0,0,0,43.2419405320814,0
"276","06122DFW",5736,7609.4399925968,4,0,0,9.3132610558819,42.8921461475928,0
"277","06124DFW",24621,3749.92443686993,11,0.719424460431655,34.3151693667158,100,40.9307013320494,0.00580779240694422
"278","06125DFW",23769,3999.11362971128,7,2.1978021978022,11.9373776908023,100,34.4423902087833,0.0165124331129309
"279","06126DFW",10298,3679.64344657329,12,0,0,100,38.2215242821694,0.00153406544819228
"280","06132DFW",17757,6735.76936954434,11,9.1743119266055,21.1325966850829,100,33.0078835162841,0.000675057610488777
"281","06133DFW",10966,6581.95000245762,15,9.52380952380952,0,100,33.7664087021662,0.0106623491250661
"282","06134DFW",17679,5798.91999012604,28,0,17.6533907427341,100,36.714372246696,0.0687982463469679
"283","06135DFW",10960,5985.19000393711,27,12.4260355029586,16.489063376332,100,38.3391475042064,0.00530850944818017
"284","06136DFW",15252,3594.2626952357,17,0,22.6519337016575,100,36.7673220153341,0
"285","06137DFW",21954,3679.78823790058,15,1.92307692307692,1.8018018018018,100,39.3361036832571,0
"286","06138DFW",21871,3735.65666793942,22,0,71.765601217656,100,42.7888992132813,5.8927265219167e-05
"287","06139DFW",18149,5246.15429914796,39,0,31.5665883931567,100,36.5561909377272,0.0252077990750023
"288","06140DFW",19202,4034.43033371455,11,0,31.6004077471967,100,36.4017310849127,0.00149800223821819
"289","06141DFW",15219,4061.01699334247,29,6.91244239631336,83.8133640552995,100,35.6817341315355,0.000988803296685803
"290","06142DFW",15127,5659.30000250269,13,20,95.9770114942529,100,33.4559099437148,0.0057772021160425
"291","06143DFW",17482,3727.62800486162,19,11.3636363636364,93.7290033594625,100,37.240739868049,2.43932613415944e-05
"292","06144DFW",11044,3745.73249030113,20,0,0,100,36.3695850664502,0.000196879546564076
"293","06145DFW",10961,3651.67490203974,30,9.83606557377049,80.2096985583224,100,35.1587154250353,0.00712213303773619
"294","06148DFW",17565,3307.68625147245,27,4.81927710843374,75.8507135016465,100,44.1866404175442,0.0206399646922709
"295","06169DFW",22518,4728.81667272995,32,4.16666666666667,0,100,54.9292097836312,0.00929478405362628
"296","06170DFW",19538,7191.02142349883,11,0.4,0,100,37.0903756444881,0
"297","07001DFW",3027,10207.2237653313,8,20.7547169811321,22.6104830421377,91.4215662910349,60.5606008583691,0.000643918538386237
"298","07001OPR",12691,6222.30839775518,3,4.62046204620462,0.279850746268657,0,49.7356192008127,0.000843452020999676
"299","07003DFW",19907,7265.81274589324,9,0.900900900900901,0,100,36.733972625126,0.00136407573929247
"300","07004DFW",5871,4284.94600290954,14,5.43933054393306,83.967112024666,100,42.9588854648177,0.0116812244820597
"301","07004OPR",24048,6993.1941142236,3,0,0,0,40.3925782086994,0
"302","07005DFW",11399,5136.16146707517,14,0,44.5925925925926,100,37.8272720782466,0.0173576793971941
"303","07005OPR",17401,6443.11216596247,22,51.3227513227513,54.6699875466999,99.8146301646575,33.3732984293194,0.0060479554038009
"304","07006DFW",6633,5649.18713630274,4,9.04977375565611,0,27.2906008777085,46.5039647923298,0.000168195335289061
"305","07007DFW",13628,6156.71694416029,8,5.8252427184466,47.6426799007444,29.2722296121127,45.7649742543026,0.000405453446282624
"306","07007OPR",7216,8572.49059843108,2,0,0,0.0954844184315679,43.4586121217499,0.0155606359743486
"307","07009DFW",6671,7816.89144071138,5,0,40.5405405405405,15.4056767425751,43.0483680152107,0.00100642001255136
"308","07009OPR",10866,6127.1199977044,7,0,2.39596469104666,95.9646910466583,37.9527742749054,0
"309","07010DFW",5302,7639.87241352876,4,0,0,10.1580060395525,42.8647660395562,0
"310","07010OPR",6159,8648.28830195622,3,0,0,0,49.5631027711106,0
"311","07011DFW",8220,8159.24531337112,3,0,0,54.2965189114268,42.7478495547839,5.18733921028069e-06
"312","07011OPR",6159,8852.27496959145,2,0,0,0,49.5631027711106,0
"313","07012DFW",25678,6274.91912946415,7,0,100,83.2259855324658,42.3510901430142,0.00593293579761362
"314","07013DFW",4864,5908.72570771644,7,0,34.9765258215962,0.107741542547094,42.8518947368421,0
"315","07013OPR",13628,6224.89474102792,6,5.8252427184466,47.6426799007444,29.2722296121127,45.7649742543026,0.000405453446282624
"316","07014DFW",6416,3575.38299080356,23,9.15805022156573,69.7046608214121,99.6593807199169,41.184870482794,0.0183458207619534
"317","07014OPR",11292,5675.77999958582,10,0,0,100,37.3864440868866,0.016204629674431
"318","07015DFW",22233,3576.3395039218,8,0,57.762938230384,100,37.7077347816162,0
"319","07015OPR",11292,5664.53666641501,11,0,0,100,37.3864440868866,0.016204629674431
"320","07016DFW",18175,3704.14362799021,14,0,0,100,36.3484768211921,0.000213362731057824
"321","07017DFW",8031,8245.13500798773,3,11.9047619047619,0,0,52.1140814223138,0.0168129201308898
"322","07018DFW",11425,5579.58856742962,25,0,19.8998748435544,100,37.3456611004654,0
"323","07019DFW",18281,3802.25256694295,24,23.9583333333333,67.1737389911929,99.4943499944173,39.1203753245731,0.00354031384548416
"324","07020DFW",21538,4382.05560208946,5,23.0769230769231,100,100,35.3199474400055,0.000259451131764297
"325","07021DFW",13403,6177.23579006814,4,0.8,24.3053112908899,5.71337623705007,46.7518288448907,0.00295434561323978
"326","07022DFW",2516,6041.74998690002,6,0,68.5770750988142,35.3754940711462,50.6995256916996,0.00678462996972589
"327","07023DFW",14074,5812.02800505844,5,0,15.5982905982906,99.3987409790899,36.8110310583195,0.00375630841888365
"328","07024DFW",9990,7287.99439390597,9,4,93.7984496124031,85.1585546301226,41.1503561187679,0
"329","07024OPR",13122,6329.12801051731,6,0.45662100456621,3.71161548731642,0,47.6861392776335,0.00898634012472812
"330","07025DFW",16001,5902.8903163171,32,39.2857142857143,88.2305844675741,100,37.5645131718614,1.4282177479414e-05
"331","07025OPR",28353,9651.65363391438,2,2.30414746543779,0,100,40.2629022465088,0.00185866228410235
"332","07026DFW",19202,4182.79309764055,15,0,31.6004077471967,100,36.4017310849127,0.00149800223821819
"333","07026OPR",13529,6043.64948270255,5,16.030534351145,38.3937316356513,7.43516567912769,47.1018613509396,0.002521888422687
"334","07027OPR",10169,5776.26499236683,5,0,9.39060939060939,100,37.247890135981,0.000577422907011039
"335","07031DFW",5773,8487.74939684811,6,0,0,45.1560651375939,42.8743027725525,0
"336","07032DFW",4940,6154.12332581791,10,68.1660899653979,78.2982380747744,55.1157545703059,57.8144161193365,0.0470323511056539
"337","07033DFW",8517,8209.86908009818,3,0,97.9591836734694,75.4476171368092,52.4948928749377,3.75940454709017e-05
"338","07033OPR",10129,5921.15999385621,13,13.8461538461538,100,100,39.0816681943171,0.00668876411752919
"339","07034DFW",4114,7879.30714728856,5,14.7916666666667,69.8328469089944,34.8243989641537,48.6459554405103,0.0476956530324147
"340","07034OPR",8373,8612.37000764981,2,0,0,89.7000571472913,43.1718149038461,0.00606327565215976
"341","07035DFW",1538,5397.3125033658,3,0,0,0,42.836180034622,0
"342","07036DFW",5168,4971.12210689423,10,0,42.7828348504551,63.8637180827275,51.0287410502714,0
"343","07037DFW",3183,10328.9789147789,7,0,52.5,73.2874981873488,46.3022375841368,0
"344","07037OPR",29221,8818.41250229693,2,0,0,0,37.8208147747518,0
"345","07038DFW",3303,9643.25998121314,11,13.5416666666667,99.1680532445923,100,53.4062146892655,0.0248519375849283
"346","07038OPR",13529,5902.63758857863,3,16.030534351145,38.3937316356513,7.43516567912769,47.1018613509396,0.002521888422687
"347","07039DFW",3685,10731.4050278212,8,3.47222222222222,62.7962085308057,93.1822896718745,45.6458158995816,0.00164608639313617
"348","07040DFW",2209,9196.44998403639,13,11.5606936416185,0,100,62.4008235294118,0.0139424525495422
"349","07041DFW",1540,9263.06046507111,5,0,28.7958115183246,0.212578487083432,47.793919283118,0.00115058663230351
"350","07042DFW",5242,7541.91925179237,9,31.304347826087,64.9122807017544,54.1589324260016,56.6630367396326,0.0755824306504216
"351","07043DFW",1673,9402.69997612573,6,0,0,77.5310560723429,58.4920164951174,0
"352","07044DFW",1479,4014.76999777881,29,0.628930817610063,100,100,53.4248622517933,0.00089136421265749
"353","07045DFW",4250,3603.91694183784,49,0,100,100,56.7889855072464,0
"354","07046DFW",5684,4655.56600422859,16,12.3287671232877,54.4976816074189,50.1390001822493,46.8314828131742,0.0123145274173133
"355","07047DFW",8617,6906.9919318782,10,18.0327868852459,66.2790697674419,98.7180313177578,49.8153345789219,0.00424557425608894
"356","07048DFW",7788,8671.54373793257,6,0,30.3769401330377,6.30026528789481,43.195888623015,0.000497944013823345
"357","07049DFW",6243,9784.33000618219,3,0,0,6.59450606542474,43.1140463648834,0
"358","07050DFW",1942,6964.17665846211,7,2.41935483870968,0,0,54.044279346211,0.012608089736441
"359","07051DFW",250,5887.54999033362,14,9.6551724137931,97.5874547647768,100,50.2666007905138,0.0542950331142632
"360","07052DFW",8481,8427.19666287489,5,2.96296296296296,0,92.675560182828,52.5973509933775,0
"361","07053DFW",5917,8918.38634620383,5,30.1587301587302,72.6666666666667,10.9294907892567,49.0725605566706,0.0118726669845899
"362","07054DFW",437,9123.03727277318,6,35.7142857142857,97.4947807933194,49.3611855592102,52.3427305240243,0.0044175695491317
"363","07055DFW",6085,9432.24126513099,5,0,0,0,44.5234457563235,0
"364","07056DFW",7080,7796.52841370361,4,0,0,4.82468754193994,42.9012272131538,5.65635242656477e-07
"365","07057DFW",5793,6394.36842943992,4,4.44444444444444,18.0952380952381,43.7017499163488,48.0949266343826,0.000258936748697519
"366","07058DFW",13493,5256.07452900029,17,22.2222222222222,27.2271016311167,100,38.3086661911555,0.00604684655612914
"367","07059DFW",13058,5638.23501611128,10,0,0,98.9103220344715,36.8670250896057,0.000103988663793359
"368","07060DFW",13033,4986.94332727479,9,0,88.4615384615385,100,37.4265134099617,0.00946306909578569
"369","07061DFW",11491,3996.85221592916,9,0,26.4705882352941,99.9038600081752,34.6339712012126,5.57516795313157e-05
"370","07062DFW",11932,5547.01334080907,11,0,6.60621761658031,86.254333602331,37.0811702383819,0.0198456453395597
"371","07063DFW",12648,6249.98602983667,4,30,93.4612031386225,48.5444216279304,40.6106313655452,0.0133062868759975
"372","07064DFW",16867,3660.13444213217,19,0,0,100,37.2887302199923,0.000919311202117998
"373","07065DFW",16311,4471.50714223539,10,7.5,69.2998204667864,100,36.5795294521724,0
"374","07067DFW",15420,3309.01000300826,10,23.5714285714286,1.96206671026815,100,46.3889247659025,0.0190312577321161
"375","07068DFW",14225,5962.80400616452,10,0.21505376344086,3.77806563039724,100,36.5058089616313,6.51640817148132e-06
"376","07069DFW",14811,5808.10000928678,10,4.69798657718121,38.6192017259978,100,37.0688241639698,0.051537551248715
"377","07070DFW",14643,5617.54333873342,13,15.625,99.3399339933993,100,37.5134059945504,0.0377539480848321
"378","07071DFW",11166,4526.81000682898,16,1.40845070422535,82.994923857868,100,38.9259898477157,0.125333644394158
"379","07072DFW",11059,4448.06000009427,13,0,99.4599459945995,100,37.4943367655966,0.0175089285928959
"380","07073DFW",5061,4964.48999664653,21,0.699300699300699,95.5852156057495,100,37.34922356421,0.00022312426359812
"381","07074DFW",2359,4988.80198695004,27,21.3592233009709,31.9843342036554,100,48.0045789269697,0.0461285705204932
"382","07075DFW",5371,5653.24335290181,11,3.63636363636364,100,91.2656692276587,46.9961180752123,0.00462822947333111
"383","07076DFW",5370,5912.18000581488,9,0,58.32531280077,0,56.3769008662175,0.00678058814530692
"384","07077DFW",13122,6156.29001285072,5,0.45662100456621,3.71161548731642,0,47.6861392776335,0.00929860317413591
"385","07078DFW",11215,5485.24810636597,15,32.0224719101124,38.4341637010676,100,41.2888810852771,0.00633931111210695
"386","07079DFW",10124,4668.17000661604,50,52.4137931034483,99.4042553191489,100,56.4514348345955,0.13070363181759
"387","07080DFW",11911,5639.22249313584,9,6.46153846153846,7.28844966028413,100,36.4233858510967,0.0442964647537176
"388","07081DFW",12329,6063.29384121958,18,0,13.1034482758621,100,37.4287671232877,0.00318517935041912
"389","07082DFW",11247,5581.39000204578,9,0.72992700729927,0,100,38.0695339380669,0.00185500314191707
"390","07083DFW",16842,3639.81799669303,11,0,10.4218362282878,100,34.7382629107981,0.000967126199290201
"391","07084DFW",15994,3658.57273277439,28,1.35746606334842,84.5726198749131,99.7140320340863,40.4749743637292,0.0154127543606732
"392","07085DFW",10849,5989.37998502702,6,4.71698113207547,0,100,37.2514373860609,0.000528299631167634
"393","07087DFW",9612,4979.47999548912,8,7.56302521008403,100,100,52.0406024096386,0.00124125068377024
"394","07088DFW",17009,3324.93125227164,25,22.7272727272727,93.5483870967742,100,47.510609375,0.0496637224266029
"395","07089DFW",15572,4302.37999599054,13,7.2289156626506,13.5759676487579,100,37.0112651646447,0
"396","07090DFW",14757,4654.13526708103,14,0,20.1342281879195,97.3388283431383,36.5557767455578,0.00777782760660395
"397","07091DFW",5358,8500.12223707264,4,7.54716981132075,86.9853917662683,55.0975892995322,49.249609047752,0
"398","07092DFW",8824,7322.80999850295,5,1.11111111111111,100,89.3471390267339,50.6279551034725,0
"399","07093DFW",23694,4642.04735120688,22,4.34782608695652,100,100,34.9757761372062,1.60033116521204e-05
"400","07094DFW",25492,4363.42000769638,32,16.5775401069519,100,100,63.8941970985493,0.00722136338561475
"401","07095DFW",25980,5129.58592926658,19,0,100,100,51.8231908354289,0.00327821347426929
"402","07096DFW",24444,4655.20999855155,20,68.6440677966102,39.3632416787265,92.3665677599674,35.9556898369697,0.0111913231701478
"403","07097DFW",24633,5478.33333948317,6,0,78.4121320249777,100,34.6648648648649,0
"404","07098DFW",23699,5219.79453815215,22,27.7551020408163,72.4334600760456,100,36.7015512169029,0
"405","07099DFW",24186,5027.35199985616,7,20.4081632653061,90.5102040816327,100,34.3791947870607,0.000510674895160039
"406","07100DFW",23625,5349.62633507201,68,5.38922155688623,39.2713800555727,100,35.139806258532,0.00529765005401494
"407","07101DFW",23146,4870.86058527023,10,6.62020905923345,36.9075630252101,100,38.167785678849,0.00586857748466409
"408","07102DFW",27878,5296.65504691247,11,10.5263157894737,100,99.8990936083546,43.2489233793253,5.36043739526926e-05
"409","07103DFW",27753,7019.90749453601,19,0,37.4301675977654,96.8111267740014,41.8203067720888,0.000255477843852087
"410","07104DFW",26450,6273.18841187283,19,89.2116182572614,82.919621749409,80.9273182135733,41.8925493568769,0.00828342244791001
"411","07105DFW",17799,5806.48443296407,40,59.6256684491979,82.6402805611223,100,34.6170441001192,0.00402456852207743
"412","07106DFW",17799,5836.99141700433,32,59.6256684491979,82.6402805611223,100,34.6170441001192,0.00384264766350705
"413","07107DFW",19486,6203.41532674618,19,0,0,100,35.2002498798654,5.25858934145386e-05
"414","07108DFW",23625,5345.20253061012,4,5.38922155688623,39.2713800555727,100,35.139806258532,0.00551106259825777
"415","07109DFW",22868,4857.47999448515,13,2.20588235294118,52.3505976095618,17.9282868525896,44.4438247011952,0
"416","07110DFW",10299,5855.7600002903,13,0,100,100,36.6279215772662,0
"417","07111DFW",10254,5982.22999178246,16,0,0.388098318240621,100,36.8517464424321,0.00245028613321147
"418","07112DFW",20472,5362.81750120409,9,8.57142857142857,100,100,36.799683655536,0.0012149535652309
"419","07113DFW",22634,4619.20000979304,45,65.2173913043478,83.1730769230769,100,39.1693766937669,0.0801800387694096
"420","07114DFW",11956,5911.72845238404,21,4.34782608695652,99.5121951219512,100,38.0564360473019,2.98182879987071e-05
"421","07116DFW",19187,7357.0349995892,8,6.25,0,100,35.3629692065436,0.000113687915610401
"422","07117DFW",28642,7190.23998217285,5,1.08695652173913,0,68.0159342499048,35.8930785123967,0
"423","07118DFW",25721,6069.6049205663,14,0,0,99.9329584263371,42.3290217271597,3.13854250253105e-05
"424","07119DFW",28309,8601.2687292769,3,0,0,91.528208002422,33.5734884182332,0
"425","07120DFW",21878,3895.94574853897,24,46.1111111111111,80.8444902162719,89.9615690503889,47.7725617977528,0.00790031094270376
"426","07121DFW",20724,3790.12979927506,21,50.9433962264151,23.1160033869602,59.4887907844609,45.928131374949,0.0140229506692496
"427","07124DFW",21871,3874.10954536506,34,0,71.765601217656,100,42.7888992132813,5.80845785585823e-05
"428","07125DFW",18902,4420.38518419776,26,10.7142857142857,100,100,35.6531545009028,0.000746367187043201
"429","07127DFW",9681,5373.87667030779,15,1.50375939849624,19.176800748363,100,34.4899438727783,0
"430","07128DFW",20187,3620.191706397,40,61.5384615384615,93.4900542495479,100,38.8127237934613,0.0127339019208009
"431","07129DFW",15872,6383.66001495905,12,0,0,100,36.974724235739,0
"432","07134DFW",17626,6679.4999967711,4,1.36054421768707,43.0939226519337,100,35.1560466543892,0.00626934376790289
"433","07135DFW",19112,3647.58333207339,13,0,64.417845484222,100,34.048325979756,0.00780485442605986
"434","07136DFW",15189,4633.32600166053,14,21.2903225806452,68.7407407407407,100,36.8099626068376,0.0241734433055588
"435","07139DFW",5124,4167.0566663815,10,0,91.2778904665314,61.195079844767,63.1200593748181,0.00108199439728649
"436","07140DFW",13475,6294.58999899899,4,0.923076923076923,0.850520944078248,0,55.1974697001914,0.00653572167807332
"437","08001BMP",11284,6115.74999650568,12,0,10.8350586611456,100,37.3295272325131,0.0124082431990841
"438","08001DFW",15707,6348.99578626385,7,0,48.314606741573,90.2875904944143,35.7166435506241,0
"439","08002BMP",11292,5943.91666662445,16,0,0,100,37.3864440868866,0.016204629674431
"440","08002DFW",16311,4897.12999413908,14,7.5,69.2998204667864,100,36.5795294521724,0
"441","08003BMP",10129,6219.7299936153,15,13.8461538461538,100,100,39.0816681943171,0.00668876411752919
"442","08003DFW",13971,6910.1109030836,5,0,0,3.23603296528189,47.3173206860707,0.000805319286951937
"443","08004DFW",13628,6583.47592170723,6,5.8252427184466,47.6426799007444,29.2722296121127,45.7649742543026,0.000405453446282624
"444","08005DFW",12063,5005.64000391588,9,6.74157303370786,27.5666936135812,100,38.924090541633,0.0362104321968868
"445","08006DFW",9990,7588.95001997007,8,4,93.7984496124031,85.1585546301226,41.1503561187679,0
"446","08007DFW",12074,6257.80500516389,4,0,0.654911838790932,88.1108312342569,44.0670528967254,0.00206880366672363
"447","08008DFW",13954,5465.0133322496,7,0,0,100,37.2748234316577,0
"448","08009DFW",11247,5881.31999757513,6,0.72992700729927,0,100,38.0695339380669,0.00185500314191707
"449","08010DFW",14074,6151.71800330045,8,0,15.5982905982906,99.3987409790899,36.8110310583195,0.00375630841888365
"450","08011DFW",13475,6655.30666108492,7,0.923076923076923,0.850520944078248,0,55.1974697001914,0.00653572167807332
"451","08012DFW",13122,6706.79875759862,7,0.45662100456621,3.71161548731642,0,47.6861392776335,0.00929860317413591
"452","08013DFW",10160,5700.06999908015,9,0,0,100,37.3565448113208,0.000700867594565003
"453","08014DFW",11425,5917.76999095135,7,0,19.8998748435544,100,37.3456611004654,0
"454","08016DFW",9060,7228.84726088003,3,5.95238095238095,0,23.7313989065315,42.4102289512555,0.000191288745554156
"455","08018DFW",14338,6661.35385171095,9,6.62251655629139,25.8570029382958,96.9420272239552,38.3510307064634,0.00466741708740974
"456","08019DFW",15621,4729.46998484619,19,6.06060606060606,88.7769784172662,97.999394599421,34.5121041429732,2.27046643725153e-05
"457","08020DFW",15807,4544.33999502473,20,0,72.8679095596985,100,32.3625942086474,0
"458","08021DFW",11399,5614.54415129293,12,0,44.5925925925926,100,37.8272720782466,0.0173576793971941
"459","08023DFW",8849,8124.65844956747,2,13.1147540983607,75.692582663092,56.6137881018641,49.5250483189377,0.035778423075916
"460","08024DFW",12310,5744.81000788137,8,0,31.5909090909091,100,37.3120022592488,0.00545331066448753
"461","08025DFW",16847,3799.37815936607,18,6.16113744075829,66.4735698769008,99.6548203472866,42.8787103254194,0.0253109485749895
"462","08026DFW",13574,5506.35999943875,7,6.06060606060606,49.5327102803738,100,37.0978177409578,0.000927297757200583
"463","08027DFW",26892,6363.82199046128,14,0,100,100,36.9841885964912,0.0486493206551291
"464","08028DFW",27753,7185.70594176963,8,0,37.4301675977654,96.8111267740014,41.8203067720888,0.000255477843852087
"465","08029DFW",26563,4790.6118481885,9,19.7530864197531,73.6716417910448,100,37.8923961339015,0.00513977576464617
"466","08030DFW",23146,4984.76175773977,10,6.62020905923345,36.9075630252101,100,38.167785678849,0.00586857748466409
"467","08031DFW",23417,5288.92999914475,9,0,59.0559824368825,72.4151092744485,40.7702105561326,0.0107384533699537
"468","08032DFW",22326,4662.24000361189,40,14.8550724637681,20.6191950464396,100,57.1223839009288,0
"469","08033DFW",22868,5047.19999394566,9,2.20588235294118,52.3505976095618,17.9282868525896,44.4438247011952,0
"470","08034DFW",17932,7863.61318932422,8,9.44055944055944,0,100,37.3490487609912,0
"471","08035DFW",11005,5784.67772648856,46,33.6666666666667,12.4791086350975,88.8108347952121,38.5358233075956,0.0957057256201351
"472","08036DFW",19187,8086.55813067988,5,6.25,0,100,35.3629692065436,0.000113687915610401
"473","08037DFW",24466,4429.66313057987,49,51.8134715025907,50.561797752809,100,49.8972450564035,0.0117333758664517
"474","08039DFW",26382,6219.01997758076,20,0,42.3627684964201,100,35.7801594896332,0.0454782586689456
"475","08041DFW",18880,4431.96428175723,9,0,15.8415841584158,99.9897568889937,38.3451739518287,0.00150349235687492
"476","08042DFW",20187,4056.51902234859,31,61.5384615384615,93.4900542495479,100,38.8127237934613,0.0127339019208009
"477","08043DFW",20724,4209.63952640888,19,50.9433962264151,23.1160033869602,59.4887907844609,45.928131374949,0.0140229506692496
"478","08044DFW",21871,4323.6078781152,21,0,71.765601217656,100,42.7888992132813,5.80845785585823e-05
"479","08055DFW",19191,3816.00500008166,30,2.56410256410256,100,100,50.3502345159351,0.000317135871981265
"480","08056DFW",5773,8563.76998909957,2,0,0,45.1560651375939,42.8743027725525,0
"481","08057DFW",6243,10164.2139849178,4,0,0,13.7835854990973,43.1140463648834,0
"482","08058DFW",6671,8126.77929677867,3,0,40.5405405405405,15.4056767425751,43.0483680152107,0.00100642001255136
"483","08059DFW",6256,8317.48002448305,5,0,3.59028511087645,0,49.1377507919747,0.0300682315782301
"484","08060DFW",6028,10321.2775466142,4,2.25988700564972,0,0,43.171933320829,0
"485","08061DFW",4450,11191.8066658918,5,0,46.5232974910394,0,49.7692044257113,0
"486","08062DFW",5242,8245.82574941847,7,31.304347826087,64.9122807017544,54.1589324260016,56.6630367396326,0.0755824306504216
"487","08063DFW",5529,6765.5574407216,4,0,0,0,42.7780363852086,0
"488","08064DFW",3027,10542.6125130488,3,20.7547169811321,22.6104830421377,91.4215662910349,60.5606008583691,0.000643918538386237
"489","08065DFW",4250,4013.75734862077,60,0,100,100,56.7889855072464,0
"490","08066DFW",191,4860.77999363784,8,0.763358778625954,38.0906460945034,57.7038796046781,61.5507704260003,0
"491","08067DFW",4864,6384.74285453239,2,0,34.9765258215962,0.107741542547094,42.8518947368421,0
"492","08068DFW",2516,6446.32000125758,4,0,68.5770750988142,35.3754940711462,50.6995256916996,0.00678462996972589
"493","08069DFW",1484,10883.4970862571,6,39.2961876832845,93.2982288176161,95.1969042337097,56.5541885979673,0.00516165678465196
"494","08070DFW",3811,10386.6599819865,5,10.0961538461538,78.8752703677001,85.2159392549762,47.2381394242208,0
"495","08071DFW",8112,8492.95142514115,7,6.03448275862069,56.2103354487761,12.3180060127645,43.4446390613043,0.0112893669631554
"496","08072DFW",10973,4434.77000060864,8,0,21.2345679012346,100,35.5983940462201,1.32581556498015e-05
"497","08073DFW",17412,5493.55067130675,15,0,8.39469808541973,100,33.0247839176459,0
"498","08074DFW",17404,4051.39000668625,13,3.92156862745098,19.1794871794872,100,36.2769484083425,0
"499","08075DFW",17207,3836.28001265352,24,28.125,93.4280639431616,100,48.8976072234763,0.164464935782118
"500","08076DFW",18948,3920.82582561796,30,25.7575757575758,100,100,44.4836194157099,0.0120791710151387
"501","08080DFW",10213,4875.17859665573,19,0,91.284046692607,100,33.0651192665908,0
"502","08081DFW",17132,4286.43954998627,18,7.98479087452472,84.49401523395,100,37.0026607538803,0
"503","08082DFW",8553,7616.89641502593,4,0,62.2296173044925,61.3615047564435,57.1171542812561,0.0100020864472966
"504","08083DFW",934,7409.84350179001,8,50,88.8563049853372,46.6873107964639,55.4029396350469,0.0365411127009115
"505","08084DFW",997,9765.40665904308,8,0.591715976331361,0,99.6980695070762,60.9501505139501,0
"506","08085DFW",3864,5074.55589099591,27,11.9565217391304,100,100,61.1900207153708,0.000796641129904112
"507","08086DFW",4124,4845.42666100773,69,11.8367346938776,100,100,55.3730842005676,0.00632730761453442
"508","08087DFW",5124,4726.33791617374,7,0,91.2778904665314,61.195079844767,63.1200593748181,0.00108199439728649
"509","08088DFW",5617,5373.68736546996,6,1.53846153846154,100,44.6958660406224,48.4770088260803,0.038734693895062
"510","08089DFW",8617,7260.8937642548,9,18.0327868852459,66.2790697674419,98.7180313177578,49.8153345789219,0.00424557425608894
"511","08090DFW",8220,8345.69956963248,2,0,0,54.2965189114268,42.7478495547839,5.18733921028069e-06
"512","08091DFW",3834,4827.42999431065,29,0.432900432900433,100,100,54.8162698412698,0
"513","08092DFW",3879,5244.93158126113,21,0,51.3574660633484,100,63.8029871065909,0.000743493333315518
"514","08093DFW",3043,7030.92951579415,6,4,57.6384662203287,95.6837142665641,61.34521339603,0.00022122989372654
"515","08094DFW",8406,7713.47230203149,5,3.84615384615385,1.66666666666667,48.9546143276658,56.5507161305471,0.028409547323697
"516","08095DFW",4952,9186.5099872835,3,0,82.0833333333333,64.0599492900927,42.9218405537042,0.00039650950784978
"517","08096DFW",5302,8065.12447930179,2,0,0,10.1580060395525,42.8647660395562,0
"518","08097DFW",8617,7266.27605792631,14,18.0327868852459,66.2790697674419,98.7180313177578,49.8153345789219,0.00424557425608894
"519","08098DFW",7788,9012.64874144876,4,0,30.3769401330377,6.30026528789481,43.195888623015,0.000497944013823345
"520","08099DFW",6243,10326.9199874699,3,0,0,6.59450606542474,43.1140463648834,0
"521","08100DFW",7100,9031.0961664749,4,1.54639175257732,53.5101404056162,10.557320048257,47.0701865533441,0.00610415599365067
"522","08101DFW",6915,6453.66500837822,5,6.71936758893281,67.5054704595186,0.524868782804299,54.1864299193687,0.00151118178248003
"523","08111DFW",24232,5637.71000373674,8,0,25.7142857142857,100,33.1640199542715,0
"524","08112DFW",23699,5415.729093723,14,0.408163265306122,72.4334600760456,100,36.7015512169029,0
"525","08113DFW",23625,5578.07515711466,20,8.38323353293413,39.2713800555727,100,35.139806258532,0.00529765005401494
"526","08114DFW",21148,5073.28997619823,13,7.86885245901639,100,100,37.0438609746883,0.0107667778050732
"527","08115DFW",21148,5075.00997622684,6,7.86885245901639,100,100,37.0438609746883,0.0107667778050732
"528","08116DFW",22451,5887.81000017002,9,0,91.4930555555556,100,36.2594591975189,0
"529","08117DFW",22841,6263.79727524739,11,0,0.921658986175115,100,36.2256223033521,0
"530","08118DFW",21538,4734.04625542706,7,23.0769230769231,100,100,35.3199474400055,0.000259451131764297
"531","08119DFW",20821,5559.46636266549,13,0,100,100,36.5438254665203,0.000932325653911276
"532","08120DFW",21306,6061.01074066675,8,1.35135135135135,100,100,36.4841046719588,9.15358985680634e-06
"533","08121DFW",19927,5867.48998940871,9,10,98.8782051282051,84.6055064721594,36.8311208515967,0.0336607692745373
"534","08122DFW",16001,6345.89612336403,32,32.7380952380952,88.2305844675741,100,37.5645131718614,1.4282177479414e-05
"535","08123DFW",11956,6362.9907609763,25,4.34782608695652,99.5121951219512,100,38.0564360473019,3.16317816182035e-05
"536","08124DFW",15634,6483.3299780041,16,7.69230769230769,14.8850574712644,100,33.0098275862069,0.00447844315513518
"537","08125DFW",15318,6373.37001733668,21,13.1578947368421,58.472553699284,100,37.206046141607,0
"538","08126DFW",18016,4712.28129369015,6,23.3644859813084,100,100,35.7209251851221,0.000316655059971732
"539","08127DFW",24534,5605.9046219477,16,0,8.57142857142857,100,34.8412711563499,0
"540","08128DFW",23918,5097.22577966733,9,3.35570469798658,100,100,35.280960960961,0.000138330308454357
"541","08129DFW",16337,4399.33947873028,11,4.27046263345196,70.2309666381523,99.3793518944991,37.6036636319655,0.0237230377368169
"542","08130DFW",10430,5422.40076944017,14,11.6788321167883,76.8665850673195,100,37.1801596993894,0.00258978926302969
"543","08131DFW",9899,7869.94001614861,16,11.4427860696517,100,87.3581296167551,42.6049124961621,0
"544","08133DFW",9121,7307.23051518074,6,0,0,13.6390581181518,46.7363380687964,0.000559378122390017
"545","08134DFW",10443,5350.15036035436,13,2.40963855421687,73.0633802816901,100,37.8977847926012,0.00690148924317243
"546","08135DFW",9578,5355.27999824286,35,5.61797752808989,100,100,46.9829098753595,0.00252291926344175
"547","08136DFW",10821,5310.48000060767,13,0,35.0349274583557,100,48.0576571735626,0.00194974953785645
"548","08137DFW",11206,5218.64999615215,15,25.3393665158371,70.8450704225352,100,37.7090060997488,0.00690706628555983
"549","08138DFW",5894,5232.90000162504,15,13.8461538461538,93.5064935064935,97.1824292212642,36.6119303445721,0.00789176260721945
"550","08139DFW",12987,5360.675005381,6,1.43884892086331,0,100,37.3427433124644,0.00164775661106858
"551","08141DFW",12648,6855.27016810986,7,30,93.4612031386225,48.5444216279304,40.6106313655452,0.0133062868759975
"552","08142DFW",11355,5714.11856999953,9,0,10.9500805152979,100,43.5219573400251,0.00683684279523055
"553","08143DFW",10869,5784.20667493281,10,2.7906976744186,23.7189751801441,100,36.756545236189,2.21102241240461e-05
"554","08144DFW",13663,6676.07258103015,7,0,14.6747967479675,32.7203475894424,45.266012443725,0.000403541783230407
"555","08145DFW",10501,4975.43998443522,45,35.9183673469388,100,100,41.6005123428039,0.157850358665436
"556","08146DFW",11692,8721.37001654133,7,8.60927152317881,62.3724489795918,68.3673469387755,37.3464923469388,0.00662639845915407
"557","08147DFW",11539,6829.6238939076,7,31.6455696202532,51.7123287671233,94.2464835986937,37.6517012681199,0.00367781396699007
"558","08148DFW",19202,4587.55689157777,13,0,31.6004077471967,100,36.4017310849127,0.00149800223821819
"559","09001DFW",4336,9168.73286000107,17,40.9356725146199,51.5454545454545,100,61.6746971201589,0.0170375974866745
"560","09002DFW",20957,3484.20922980056,8,9.80392156862745,40.7142857142857,0,46.3345695618755,0.000344579061367316
"561","09003DFW",9700,5554.42260278112,21,66.0079051383399,61.8287373004354,60.3126576094135,40.3966932263276,0.0202111542631417
"562","09005DFW",10241,3694.03272543543,15,0,100,62.2338281012682,43.7247758597618,0.00342631744787896
"563","09006DFW",10215,4144.46499078441,21,0,20.7174231332357,100,37.0492860363746,0.00412570115154904
"564","09007DFW",11133,5104.41789240027,21,77.0334928229665,88.5477582846004,100,38.5124627183639,0.00514968043994865
"565","09008DFW",16003,5866.8092837496,22,36.3095238095238,48.0749219562955,100,36.4436669272869,7.90829455175253e-06
"566","09009DFW",6693,7721.1300122682,5,0,0,22.9493518122007,43.1301561658589,0.000100048465151824
"567","09011DFW",7788,8325.17749737902,4,0,30.3769401330377,6.30026528789481,43.195888623015,0.000497944013823345
"568","09014DFW",26892,5664.54199256189,24,0,100,100,36.9841885964912,0.0486493206551291
"569","09016DFW",5773,7811.57822799573,9,0,0,45.1560651375939,42.8743027725525,0
"570","09020DFW",8471,7076.48251351831,3,1.92307692307692,0,96.8223210546098,51.3116265180171,0
"571","09025DFW",25581,3898.67381947444,15,37.0558375634518,100,100,46.6258773431482,0.00408197618407147
"572","09026DFW",6243,10166.6899829227,3,0,0,6.59450606542474,43.1140463648834,0
"573","09029DFW",16311,4588.63856218702,14,7.5,69.2998204667864,100,36.5795294521724,0
"574","09031DFW",14373,6237.71124881553,9,4.90405117270789,13.1964117091596,95.7759727897812,38.2012038774234,0.0110739825396677
"575","09032DFW",23625,5033.25950395455,21,8.38323353293413,39.2713800555727,100,35.139806258532,0.00529765005401494
"576","09033DFW",18035,5267.51999635994,5,1.92307692307692,0,100,34.5721064083667,0
"577","09034DFW",18941,7641.28002306446,10,0,0,100,36.3660863509749,0
"578","09035DFW",4114,7892.62999386679,6,14.7916666666667,69.8328469089944,22.8020295585241,48.6459554405103,0.0232627052761201
"579","09037DFW",13401,5451.87907445719,11,0,0,100,37.1844200586959,0
"580","09038DFW",19202,4200.32102757596,12,0,31.6004077471967,100,36.4017310849127,0.00149800223821819
"581","09039DFW",12648,6195.87621199426,10,30,93.4612031386225,48.5444216279304,40.6106313655452,0.0133062868759975
"582","09042DFW",19187,7690.35750637506,10,6.25,0,100,35.3629692065436,0.000113687915610401
"583","09043DFW",26733,3973.98428150759,11,0,67.9083094555874,100,45.7379954441913,0.00198568604927519
"584","09046DFW",9032,6908.76530827036,15,34.5,95.5619183965641,23.3782282222634,46.0397284989481,0.0031395187551124
"585","09047DFW",11005,5287.62090903656,37,33.6666666666667,12.4791086350975,88.8108347952121,38.5358233075956,0.0957057256201351
"586","09048DFW",14350,5626.50001718663,12,0,0,100,36.6338566552901,0.00190428681322234
"587","09049DFW",25299,4286.41399993915,10,0,52.7301092043682,100,37.8938957055215,0.00235048313238982
"588","09050DFW",20724,3687.89763128735,18,50.9433962264151,23.1160033869602,59.4887907844609,45.928131374949,0.0140229506692496
"589","09051DFW",8220,7500.7080799839,2,0,0,54.2965189114268,42.7478495547839,5.18733921028069e-06
"590","09052DFW",8170,7815.82514136234,7,0,0,54.4295965913727,42.8392552048698,1.56813562698713e-11
"591","09053DFW",18948,3460.85166023796,34,25.7575757575758,100,100,44.4836194157099,0.0120791710151387
"592","09055DFW",7110,6163.88200703114,15,5.94059405940594,92.8888888888889,69.5392981161686,52.1270410687778,0.0750084661378128
"593","09056DFW",12589,6809.35337805442,10,12.3188405797101,72.8179551122195,95.8809217370483,37.0299003742473,0.00275539750145638
"594","09057DFW",9750,4148.94999264032,12,11.2676056338028,35.8803986710963,99.8565875427196,35.8410413930433,0.00102696376483593
"595","09058DFW",19248,7757.80375910667,10,0,0,100,35.2856041131105,0
"596","09059DFW",16001,5848.60096334768,26,32.7380952380952,88.2305844675741,100,37.5645131718614,1.4282177479414e-05
"597","09061DFW",5242,8036.346756892,8,31.304347826087,64.9122807017544,54.1589324260016,56.6630367396326,0.0755824306504216
"598","09062DFW",26039,4495.39599337261,12,20.8333333333333,100,100,53.9520107840935,0.00406358565732986
"599","09063DFW",11425,5494.00713398148,9,0,19.8998748435544,100,37.3456611004654,0
"600","09064DFW",16602,4032.06181214564,17,2.7027027027027,27.4711168164313,100,36.6919929219199,0
"601","09065DFW",3027,10045.7275068751,8,20.7547169811321,22.6104830421377,91.4215662910349,60.5606008583691,0.000643918538386237
"602","09066DFW",23559,5063.21286268293,8,0.917431192660551,75.5966127790608,100,35.2524562006183,0
"603","09067DFW",6318,5892.49750043778,6,0,98.2905982905983,14.9128554993556,42.9814532243415,0.0608425438016652
"604","09070DFW",23734,4788.88500607864,15,10.2040816326531,95.0121065375303,100,36.1469886911545,0
"605","09071DFW",23699,4871.88546016609,16,0.408163265306122,72.4334600760456,100,36.7015512169029,0
"606","09074DFW",25418,4214.34000575356,13,0,86.046511627907,92.2171468728039,34.7176159618008,0.0174185908802893
"607","09075DFW",2804,8589.82500352338,8,18,100,45.4500697370163,50.8198568088837,0
"608","09076DFW",14305,4418.85246390303,30,54.9668874172185,61.723700887199,91.1070800897464,37.3573838009529,0.017483258763685
"609","09077DFW",23154,4217.83428414405,24,73.469387755102,100,100,64.9370350124022,0.011156754995116
"610","09079DFW",19695,5621.98444500607,12,19.1082802547771,28.9545703338807,100,35.3674312601088,0.0381559729528407
"611","09082DFW",21732,4308.26332702115,45,45.2471482889734,73.5817104149026,100,60.2124787775891,0.114595422170721
"612","09083DFW",2516,5938.49000038579,9,0,68.5770750988142,35.3754940711462,50.6995256916996,0.00678462996972589
"613","09084DFW",14185,5628.62001615576,15,2.85714285714286,0.781657113079729,100,36.6996352266806,0.00420795211240529
"614","09086DFW",2978,5450.41570146116,12,2.36686390532544,9.19849381387843,100,64.7783070301291,0.0055441432654677
"615","09087DFW",14475,5703.19799558828,8,11.1111111111111,1.82481751824817,100,36.8075475923852,0.00456693182936742
"616","09088DFW",10869,5526.63667442712,14,2.7906976744186,23.7189751801441,100,36.756545236189,2.21102241240461e-05
"617","09089DFW",13475,6262.75665769788,7,0.923076923076923,0.850520944078248,0,55.1974697001914,0.00653572167807332
"618","09090DFW",13005,6696.15457807518,16,38.4615384615385,69.7925311203319,42.841545040919,39.3638207097962,0.0138560199722133
"619","09091DFW",11247,5724.17000135966,7,0.72992700729927,0,100,38.0695339380669,0.00185500314191707
"620","09092DFW",9990,6934.04376867798,7,4,93.7984496124031,85.1585546301226,41.1503561187679,0
"621","09093DFW",4283,4390.33429135941,6,10.2564102564103,99.9016474059503,12.4780612238484,61.9029567286507,0.00121952826378321
"622","09094DFW",4361,4409.04708913271,13,3.47826086956522,65.0991917707568,6.2950666807965,63.3790391321193,0.00140424373080625
"623","09095DFW",21015,4917.56999987426,14,4.09356725146199,100,100,36.5185714285714,0.0152333374403257
"624","09096DFW",17816,3648.06998647191,25,33.3333333333333,90,100,36.26,0
"625","09097DFW",15127,5741.95888788688,17,20,95.9770114942529,100,33.4559099437148,0.0057772021160425
"626","09098DFW",12126,5919.89666879363,30,12.3595505617978,100,100,33.4286735504369,0.0106023923740904
"627","09099DFW",7398,7629.70000920072,3,0,0,0.480128318368302,48.495985862156,0.00601398366280476
"628","09100DFW",4864,6008.95713768287,3,0,34.9765258215962,0.107741542547094,42.8518947368421,0
"629","09101DFW",16867,3676.82777836815,29,0,0,100,37.2887302199923,0.000919311202117998
"630","09102DFW",3108,10588.7359491815,8,3.48837209302326,100,58.1954546788372,49.1914297851251,6.29642080722067e-08
"631","09103DFW",371,4849.96999700367,21,0,0,100,65.0962382445141,0.00018679854240846
"632","09104DFW",5342,5623.16144084638,8,45.4301075268817,22.6164079822616,86.6962305986696,57.3027593003203,0.0618863328791401
"633","09105DFW",16952,5438.95910298807,12,0,75.6137479541735,100,33.8259945750452,0
"634","09107DFW",23506,4215.19307161223,50,6.66666666666667,29.0680473372781,100,47.8310982424058,0.0531822565036497
"635","09109DFW",27784,6429.73189409396,9,0,63.9153439153439,96.7805290962191,41.835154969038,0.000244412350865257
"636","09110DFW",27774,4776.3521093881,16,9.52380952380952,100,99.8952217967644,43.2854877806477,5.5866788626921e-05
"637","09112DFW",18092,3565.26998760737,10,2.35294117647059,16.4310954063604,100,36.094168655529,0.00485065626770284
"638","09114DFW",23146,4460.42058311731,12,6.62020905923345,36.9075630252101,100,38.167785678849,0.00586857748466409
"639","09115DFW",24331,4171.6117673673,26,16.8918918918919,98.7378640776699,98.6724889889447,34.15188567563,0.0862601081931262
"640","09117DFW",14346,5724.13225671364,35,0,43.4721242060692,88.3225053447617,33.3308421654198,0.245523703796063
"641","09118DFW",15020,6216.72118937817,38,30.1075268817204,53.416149068323,95.8024944823938,37.5445033736074,0.00697062842851871
"642","09119DFW",10560,4885.24561973324,20,40.2390438247012,99.8756218905473,100,37.7120130754563,0.0539660337203941
"643","09120DFW",7659,5854.09038509407,42,64.2857142857143,85.097192224622,99.3841985347447,58.6267701430066,0.0104205578320284
"644","09121DFW",24385,5293.53493272801,16,0,82.8323313293253,100,33.3337199607196,0
"645","09122DFW",14432,6239.45899304859,8,0,1.52046783625731,93.8115656671815,38.2178483153376,0.014971716550334
"646","09123DFW",16212,6116.13666710237,8,12.5,83.0985915492958,90.8949641298044,33.8502411352746,0
"647","09124DFW",16566,5376.75666491377,22,19.3693693693694,93.7438180019782,100,48.3382542037587,0.0102086661799614
"648","09125DFW",5665,9032.25000088848,6,1.06382978723404,100,51.1340514219753,54.9582651391162,0.00103663395899514
"649","09128DFW",20436,4707.29785029989,16,38.6904761904762,100,61.1289269661759,42.0547710434705,0.00679534756743317
"650","09129DFW",21538,4293.24845521042,7,23.0769230769231,100,100,35.3199474400055,0.000259451131764297
"651","09130DFW",12229,4065.1439595087,13,1.66666666666667,100,100,36.2979266636487,0.00059846866740903
"652","09132DFW",21671,4105.97095235753,10,16.1111111111111,100,100,36.3855726449398,0.0004623426434827
"653","09133DFW",22190,4153.97999370657,35,10.4895104895105,98.6339754816112,100,54.7358669001751,0.00311189597906684
"654","09134DFW",11954,4258.27968699662,13,0,65.1705565529623,98.5835153745085,36.8798528429318,0.0140802970222422
"655","09135DFW",21871,3959.59999961324,17,0,71.765601217656,100,42.7888992132813,5.80845785585823e-05
"656","09136DFW",20472,5036.78999843981,10,8.57142857142857,100,100,36.799683655536,0.00137126711450084
"657","09139DFW",23453,4752.03882424106,15,0,0,69.4144414371491,40.7635878270155,0.010305281509865
"658","09140DFW",22868,4533.04999271594,18,2.20588235294118,52.3505976095618,17.9282868525896,44.4438247011952,0
"659","09141DFW",11052,5910.00711242312,17,34.6846846846847,98.974540311174,95.0909439839201,39.9892451636533,0.0131976698241362
"660","09142DFW",14074,5736.22400141445,9,0,15.5982905982906,99.3987409790899,36.8110310583195,0.00375630841888365
"661","09143DFW",12422,6098.54224857848,7,14.5945945945946,13.8353765323993,100,37.3699781692036,0.00425182207423025
"662","09144DFW",13271,5144.663334695,23,0.571428571428571,17.0839469808542,100,35.9278217409413,0.0195603818812625
"663","09145DFW",506,8932.73780463736,6,0,0,0,49.1261767920736,0.00186541513359462
"664","09147DFW",4250,3587.75775431169,29,0,100,100,56.7889855072464,0
"665","09148DFW",5255,4133.39278553716,20,9.375,100,93.9496510816983,57.5175690042131,0.0126724960723943
"666","09149DFW",5124,4297.25041861716,12,0,91.2778904665314,61.195079844767,63.1200593748181,0.00108199439728649
"667","09151DFW",8617,6326.34633385371,10,18.0327868852459,66.2790697674419,98.7180313177578,49.8153345789219,0.00424557425608894
"668","09153DFW",96,5446.12850544965,20,5.0251256281407,100,63.1749449989625,54.8783243116027,0.0115522468015386
"669","09156DFW",13494,5997.47273019498,6,0,14.859437751004,0,46.9112832737386,0.00416625899581583
"670","09157DFW",13628,6172.31067838245,8,5.8252427184466,47.6426799007444,29.2722296121127,45.7649742543026,0.000405453446282624
"671","09158DFW",11360,5605.53333456628,46,11.3207547169811,46.8446601941748,100,37.9343295258958,0.0109286259670969
"672","09159DFW",11247,5728.34000143595,9,0.72992700729927,0,100,38.0695339380669,0.00185500314191707
"673","09160DFW",12578,7348.59667033019,6,0,17.6282051282051,97.2781960334153,37.6102203116604,0
"674","09161DFW",9274,6512.40998039208,2,12.6436781609195,0,0,47.4195778364116,2.26911061580044e-07
"675","09162DFW",14117,5593.24999382533,6,4.43213296398892,3.96889246446769,100,37.1558594797533,0.00283486799252101
"676","09163DFW",10448,7190.21443032282,8,72.6027397260274,77.071129707113,87.2615658021976,43.6773462103716,0.000307926061882494
"677","09164DFW",9755,4274.31999450071,12,0,0,100,36.7337587006961,0.000609103207086377
"678","12001MCB",10128,6792.28818122487,42,62.3255813953488,27.9752704791345,98.6543681427257,38.8734742532611,0.00967609408082622
"679","12002MCB",11764,8803.46668105076,7,0,4.59132189707366,90.9687184661958,37.8274974772957,0.00250077237516543
"680","12003MCB",11239,5952.18901489656,16,0,0,100,37.8191709105453,0.00529306765156535
"681","12004MCB",11365,6654.39825037961,14,10.625,80.4270462633452,98.8597034331324,38.8810933829073,0.00952203977896741
"682","12005MCB",11222,5867.64999949001,10,16.1616161616162,100,100,37.5724673539519,0.00607466844582183
"683","12006MCB",11288,6555.22159020097,6,22.0588235294118,89.3333333333333,99.0442965309609,38.7128321944511,0.00881711023690624
"684","12007MCB",11285,6548.75414939035,14,9.09090909090909,75.7510729613734,99.0614070204197,38.7068485905926,0.00893998218886713
"685","12008MCB",11181,6527.56858851376,15,23.6311239193084,79.0368271954674,99.1496958812861,38.7188112852272,0.00901662578047482
"686","12010MCB",5073,6122.02000099658,8,25.8064516129032,12.7659574468085,100,38.0425635756486,0.00262031905490575
"687","12011MCB",11455,6921.54882264986,6,0.50251256281407,3.09007232084155,97.7775169950375,36.896848704582,0.00296608829913897
"688","12012MCB",14015,7154.98000714742,6,0.934579439252336,8.40046029919448,92.8671042893858,37.7441464634146,0.00119431504069783
"689","12013MCB",13835,7154.98000714742,13,0,0,67.4507310870947,41.6820724729816,0.00115731751560464
"690","12014MCB",14380,7116.75998961739,6,0,0,100,35.9252551020408,0.0180819472888789
"691","12015MCB",11938,6956.63066883448,7,9.52380952380952,48.8588588588589,98.6961785385104,37.290891494441,0.00546555949192505
"692","12016MCB",11938,6959.03323081985,7,9.52380952380952,48.8588588588589,98.6810996046748,37.290891494441,0.00487608175060917
"693","12017MCB",14356,6962.81908606952,6,44.8717948717949,50.8561643835616,98.6431033192619,37.2050697375639,0.00384245233640813
"694","12018MCB",14325,6872.31917339521,12,2.42424242424242,6.69546436285097,98.7590495258882,36.836533231186,0.00256553062792804
"695","12019MCB",14257,6879.72883191549,6,0,16.6300366300366,98.2035757935048,36.8352395495262,0.00244700099829612
"696","12020MCB",14257,6887.01316653819,16,0,16.6300366300366,98.1533044003983,36.8352395495262,0.00251549051994842
"697","12021MCB",11498,6871.13908166564,10,27.7777777777778,25.414364640884,99.1713564968228,37.1236922730921,0.0102698636385151
"698","12022MCB",11479,6733.10383864112,5,16.9014084507042,0,100,36.7794942847246,0.00492601682848824
"699","12023MCB",11478,6735.9303497229,30,5.37634408602151,9.58083832335329,100,36.7872586457269,0.00474372010294235
"700","12024MCB",11928,6703.90427704195,10,3.40136054421769,0,100,36.8078374153205,0.00163914786954981
"701","12025MCB",11929,6697.68571385103,20,1.26050420168067,0,100,36.6996234309623,0.000342477147085519
"702","12026MCB",14373,7501.09997951053,16,4.90405117270789,13.1964117091596,93.6505658300752,38.2012038774234,0.0120009659801893
"703","12027MCB",13908,7114.02000664175,8,0,0,83.4989049398691,39.1667523564696,0.000718639148867575
"704","12028MCB",14266,6865.84666118678,12,0,26.144297905353,100,36.4680869378093,2.64599557553884e-05
"705","12029MCB",14244,7155.07499760513,5,0,25.4756380510441,98.2769901928806,38.1911943744752,0.00179464873720102
"706","12030MCB",13122,7401.30943177449,6,0.45662100456621,3.71161548731642,0,47.6861392776335,0.00893732531153753
"707","12031MCB",16602,4761.90909494019,10,2.7027027027027,27.4711168164313,100,36.6919929219199,0
"708","12032MCB",14373,7297.9037350188,20,4.90405117270789,13.1964117091596,95.5749600721618,38.2012038774234,0.0111567842141628
"709","12033MCB",11399,6182.17901403916,5,0,44.5925925925926,100,37.8272720782466,0.0173576793971941
"710","12034MCB",11372,6256.24334043078,10,0,2.94287362954414,100,37.9695770804911,0.00167696667899602
"711","12035MCB",11196,5924.42299648784,8,14.5658263305322,80.7309941520468,100,37.5926932880204,0.00557052311367531
"712","12036MCB",6990,5850.95599840283,11,5.40540540540541,52.0879120879121,100,37.5648071475267,0.00574496924807555
"713","12037MCB",11292,6727.58002480368,12,0,0,100,37.3864440868866,0.016204629674431
"714","12038MCB",5832,7820.51104228295,6,0,86.0805860805861,92.8895489265683,39.1354168955289,0.00261421890340722
"715","12039MCB",10128,6753.86149730471,15,62.3255813953488,27.9752704791345,98.6543681427257,38.8734742532611,0.00967609408082622
"716","12040MCB",14028,7251.68001007102,12,0,0,98.2201713909031,40.582201713909,0.00251876361256812
"717","99001CSR",6671,12328.7785553182,3,0,40.5405405405405,15.4056767425751,43.0483680152107,0.00100642001255136
"718","99002CSR",5302,13089.7430990316,4,0,0,10.1580060395525,42.8647660395562,0
"719","99004CSR",8511,10729.2810023909,2,1.66666666666667,60.6741573033708,87.7580831910948,51.8045760240794,0.000285879319815498
"720","99006CSR",9105,10345.4112554635,2,2.02702702702703,0,15.8065700099799,46.0474241136943,0.000235817661346597
"721","99016CSR",13628,8119.3532141914,9,5.8252427184466,47.6426799007444,29.2722296121127,45.7649742543026,0.000405453446282624
"722","99017CSR",13122,8783.77618804497,6,0.45662100456621,3.71161548731642,0,47.6861392776335,0.00906605399706128
"723","99018CSR",12691,8179.34640771426,4,4.62046204620462,0.279850746268657,0,49.7356192008127,0.000843452020999676
"724","99021CSR",6159,11563.1132963101,5,0,0,0,49.5631027711106,0
"725","99026CSR",8270,9731.83951772737,4,0.778210116731518,4.9618320610687,45.2534612201079,46.1289321120593,0.00018524793935676
"726","99028CSR",8462,8668.68599298187,2,6.89655172413793,0,67.8418648762483,42.7272866828707,0.00182125026166016
"727","99034CSR",10973,4944.81000944227,6,0,21.2345679012346,100,35.5983940462201,1.32581556498015e-05
"728","99039CSR",4830,7056.58999235369,13,0,25.7309941520468,71.93455643283,52.8614882506527,0
"729","99040CSR",3472,12819.372086497,18,28.1818181818182,91.2557527942143,95.0838365651308,61.5092911724613,0.00926613906299283
"730","99041CSR",934,9375.64999558955,7,50,88.8563049853372,46.6873107964639,55.4029396350469,0.0365411127009115
"731","99042CSR",631,8750.63387290677,10,11.3636363636364,45.2356020942408,99.9488048175262,47.9208156638476,0.0023593899962804
"732","99043CSR",24048,9264.4410082899,4,0,0,0,40.3925782086994,0
"733","99049CSR",11061,6909.50999612361,36,38.5542168674699,95.6689124157844,99.9991465781234,56.0265004616805,0.123040240870765
"734","99050CSR",11292,7915.72331053702,23,0,0,100,37.3864440868866,0.016204629674431
"735","99052CSR",3936,11268.8599943537,15,0,97.7623456790123,100,55.6722993827161,0.00682097391346941
"736","99055CSR",27784,8386.86376313765,15,0,63.9153439153439,96.7805290962191,41.835154969038,0.000244412350865257
"737","99057CSR",25403,6192.41001695022,12,15.4377880184332,100,100,57.1639840881273,0.0419204943914998
"738","99058CSR",21551,5506.75786324573,35,60.655737704918,98.6301369863014,100,55.9330195307011,0.0090483592907732
"739","99059CSR",26447,5389.14999609813,11,3.90625,100,100,49.7829616923957,0.00193603124393631
"740","99060CSR",9105,10234.2912564385,2,2.02702702702703,0,15.8065700099799,46.0474241136943,0.000235817661346597
"741","99061CSR",13327,7056.29704721362,8,0.900900900900901,17.7179305457123,74.8464949415273,38.9445835477048,0.000852645594741708
"742","99062CSR",11355,7762.11144258109,6,0,10.9500805152979,100,43.5219573400251,0.00683684279523055
"743","99063CSR",29777,12918.8127778636,2,57.5342465753425,0,0,31.2372342246722,3.46703990936477e-06
"744","99064CSR",5302,12947.9217186035,2,0,0,10.1580060395525,42.8647660395562,0
"745","99065CSR",5617,7593.94613723692,6,1.53846153846154,100,44.6958660406224,48.4770088260803,0.038734693895062
"746","99066CSR",6671,12204.0635540089,7,0,40.5405405405405,15.4056767425751,43.0483680152107,0.00100642001255136
"747","99068CSR",24232,6918.13667263277,11,0,25.7142857142857,100,33.1640199542715,0
"748","99070CSR",17932,7315.16918790251,8,9.44055944055944,0,100,37.3490487609912,0
"749","99072CSR",22841,7826.82727284662,13,0,0.921658986175115,100,36.2256223033521,0
"750","H108270",14354,7190.40544407075,2,0,0,99.2335302625034,36.2496585544709,0.00845512180311365
"751","H108271",14553,5861.97094101284,8,0.636942675159236,27.1936758893281,99.9763039595512,35.8107382246377,9.27591447928387e-05
"752","H108272",12194,7292.36772742579,11,14.1509433962264,23.0184581976113,100,33.2365531494294,0.0061016135715058
"753","H108273",15801,7638.73999474456,7,5.94059405940594,0,100,36.4732394366197,0.00209210375760982
"754","H108278",18805,12068.3891663739,1,7.2463768115942,0,89.6459993081798,38.6033086515978,1.60120400009708e-07
"755","H108317",7903,8669.63928325993,7,0,16.281310211946,83.4481201512476,60.0172708962739,0.0096195583397766
"756","H108326",15707,7407.99316036427,3,0,48.314606741573,90.2875904944143,35.7166435506241,0
"757","H108327",13529,8548.95569717145,5,16.030534351145,38.3937316356513,7.43516567912769,47.1018613509396,0.002521888422687
"758","H108329",9105,10446.3333483431,2,0,0,15.3615592737731,46.0474241136943,0.000294065702185124
"759","H108379",15901,7978.4739198756,3,6.66666666666667,0,100,36.4771719666564,5.46338987643461e-05
"760","H109884",13122,8860.85750471882,9,0.45662100456621,3.71161548731642,0,47.6861392776335,0.00937316990732823
"761","H109886",6645,13605.0399912347,4,0,0,3.33792573428632,43.1136501281155,0
"762","H111012",5393,10598.7909140878,2,0,100,92.8423858864949,63.4077303370786,0.00129887955595973
"763","H111014",8697,10070.4166555082,3,1.51515151515152,62.2222222222222,90.5051412810426,53.9245117576724,0
"764","H111015",10169,8176.03193659557,6,0,9.39060939060939,100,37.247890135981,0.000577422907011039
"765","H111017",13122,8756.98917830953,4,0.45662100456621,3.71161548731642,0,47.6861392776335,0.00893732531153753
"766","H111018",17153,4602.19998411462,12,0.735294117647059,6.90172543135784,100,46.903125,0.00198816112159048
"767","H111085",5785,10660.3800047655,2,0,0,0,42.759842519685,0.177340879544309
"768","H111090",12691,8138.13148844497,7,4.62046204620462,0.279850746268657,0,49.7356192008127,0.000866152488391377
"769","H111093",18261,6229.7386657089,9,4.51612903225806,20.9336250911743,100,34.9807817589577,0.000409810616475259
"770","H111105",23233,12607.5824878402,1,7.28476821192053,0,43.1845876882209,35.2242779587405,0
"771","H111111",30098,9137.17735987466,3,0,0,0,40.2073758865248,0
"772","H113032",18805,12068.3891663739,1,7.2463768115942,0,89.6459993081798,38.6033086515978,1.60120400009708e-07
"773","H113085",5579,7919.71999481507,3,0,0,16.7206141512755,43.960034965035,0
"774","SLTZ0812IRM0001",10456,6881.28244037525,6,4,99.4169096209913,97.6011099629941,40.4211584263779,0.00556977933169194
"775","SLTZ0812IRM0002",10448,8553.86114745784,4,72.6027397260274,77.071129707113,87.5445919614778,43.6773462103716,0.000839534845732543
"776","SLTZ0812IRM0003",9148,9027.26517630188,2,0,5.66037735849057,43.0529554095605,39.7479605347203,0
"777","SLTZ0812IRM0004",9294,8912.6731443448,2,0,0,22.600817733264,42.6092125984252,0
"778","SLTZ0812IRM0005",9143,10116.3611512754,1,0,0,39.6115187059028,43.0214731982968,0
"779","SLTZ0812IRM0006",9208,7181.75192163684,6,67.1052631578947,55.902004454343,91.4044775286955,40.4039775957601,0.0131044991793466
"780","SLTZ0812IRM0007",6965,6047.21571218202,7,21.0526315789474,93.2298136645963,100,38.28091433124,0.0131177278467259
"781","SLTZ0812IRM0008",10030,6244.02429081925,7,53.3783783783784,87.6852907639681,100,47.3474869109948,0.0317674413544236
"782","SLTZ0812IRM0009",9823,7909.02034643747,4,78.2312925170068,67.0572916666667,33.3812891683609,46.8621883265285,0.013932153308026
"783","SLTZ0812IRM0010",9574,7514.47141963335,5,29.3333333333333,86.2702702702703,23.0757921030148,46.0951937726098,0.00341526071071708
